,City/County,January 2021,February 2021,March 2021,April 2021,May 2021,June 2021,July 2021,August 2021,September 2021,October 2021,November 2021,December 2021,CY Total
1, Allen County ,179656.95,198296.15,198852.35,170017.2,220698.15,233208.62,207534.6,222248.65,245825.97,216890.47,164501.77,282431.55,2540162.43
2, Anderson County ,99419.17,107801.82,92757.01,96370.25,122369.53,126893.61,114436.59,116107.46,122823.17,116000.97,109329.4,173739.93,1398048.91
3, Atchison County ,185101.29,215743.1,205204.58,197686.55,221956.34,229019.17,211991.3,214438.53,228991.91,219069.96,191141.28,257749.86,2578093.87
4, Barber County ,50604.13,52913.17,48676.21,51192.55,58379.28,62516.17,54357.94,53762.62,57264.24,55271.06,60790.18,81992.53,687720.08
5, Barton County ,367322.15,423958.68,392671.82,348589.39,447790.31,475422.65,426024.48,437259.74,434690.56,416877.04,422853.79,499718.62,5093179.23
6, Bourbon County ,204613.01,236593.52,216878.5,191873.53,240316.16,236051.96,238346.58,238763.2,256592.02,226813.05,190646.32,286630.9,2764118.75
7, Brown County ,108237.76,130697.72,108204.43,102704.94,128193.4,113510.05,122663.92,115738.24,115629.36,107685.45,105823.07,136309.86,1395398.2
8, Butler County ,31.13,1.2,145.51,368.91,,,35.89,75.6,965.27,28.42,,,1651.93
9, Chase County ,22764.27,20041.6,22412.77,21582.66,20011.44,26683.86,26539.77,24145.84,25604.44,25197.38,21204.18,30437.19,286625.4
10, Chautauqua County ,51508.12,49710.36,46113.76,46844.6,49706.52,55519.94,47124.27,49442.22,63742.4,54325.67,50306.34,68090.22,632434.42
11, Cherokee County ,190236.82,180629.19,207667.75,193219.25,190647.6,135010.2,130572.64,123100.16,197603.81,187353.07,159536.88,240689.9,2136267.27
12, Cheyenne County ,39718.37,52298.58,42097.13,42147.75,56452.7,42935.32,50251.49,52790.79,56116.24,50181.36,50832.81,61472.91,597295.45
13, Clay County ,93732.88,107062.11,85273.37,88694.36,113236.45,102835.81,110052.01,188934.16,115582.18,100474.11,95454.85,137487.98,1338820.27
14, Cloud County ,108337.63,120509.61,116275.49,112122.53,125983.36,137205.78,131879.79,126058.69,128508.59,118463.14,110159.62,153822.98,1489327.21
15, Cowley County ,,427.12,69.16,102.4,185.77,51.54,82.47,34.27,131.67,,,,1084.4
16, Crawford County ,437663.23,501988.27,440995.33,403349.99,511714.99,513800.27,488549.48,466848.48,518516.32,491748.68,394062.94,626045.28,5795283.26
17, Decatur County ,26483.66,23374.67,21868.76,18334.55,26922.6,21825.82,22091.99,27199.68,29616.17,25406.03,26116.36,29491.54,298731.83
18, Dickinson County ,278898.22,281013.2,275569.85,256203.17,305878.21,337582.01,311403.36,311978.82,330305.08,307913.48,243055.63,375366.11,3615167.14
19, Doniphan County ,63434.84,50973.64,48291.79,51287.16,15627.88,53210.15,58579.17,57999.58,60039.4,50201.4,43396.6,66058.77,619100.38
20, Douglas County ,1749368.23,2036249.18,1862244.24,1675934.2,2105164.8,2106066.16,2068914.21,1934091.6,2125628.43,2088614.81,1732279.89,2537733.38,24022289.13
21, Edwards County ,24529.08,25876.12,35160.76,20953.84,27680.67,24009.88,32110.81,23166.78,22235.73,24639.99,32378.62,28383.0,321125.28
22, Elk County ,19982.62,21409.5,18404.35,17977.71,23742.18,25661.53,18656.81,24150.12,24102.41,22237.25,27759.19,30889.26,274972.93
23, Ellis County ,265770.25,296893.18,281839.6,237666.88,324204.93,311989.61,296638.47,324977.79,337936.37,426487.58,310927.86,389569.07,3804901.59
24, Ellsworth County ,50019.49,57700.33,51864.67,45965.78,53099.54,59736.83,56583.29,57576.42,58313.59,64451.03,53533.84,75518.25,684363.06
25, Finney County ,880941.42,984095.42,945580.83,846373.97,1091750.83,1012857.1,1055795.07,999487.35,1039460.91,1115958.73,991829.59,1187422.86,12151554.08
26, Ford County ,482404.81,535020.55,509363.31,474816.62,595825.16,568704.18,576809.36,572577.32,592895.76,594551.28,459709.02,672156.65,6634834.02
27, Franklin County ,435474.55,448739.99,423838.17,418485.37,524777.43,517676.26,475214.31,570541.34,491313.26,490054.75,450832.58,533478.54,5780426.55
28, Geary County ,488060.08,512943.64,531901.9,451519.63,598240.68,558613.78,536406.16,497834.86,522926.61,477365.96,359536.54,589540.62,6124890.46
29, Gove County ,81380.6,88685.49,84971.95,80662.74,96910.42,99380.98,98621.75,95570.48,104953.22,102176.67,103683.96,119604.38,1156602.64
30, Graham County ,23133.94,25660.2,26704.72,22296.46,32919.6,36636.88,27446.42,33278.14,29741.73,29025.29,35125.05,39513.7,361482.13
31, Gray County ,61077.37,56727.89,57632.53,60866.95,65920.48,92387.27,64447.93,74052.17,86380.86,79247.58,74266.89,78708.1,851716.02
32, Greeley County ,12306.18,11004.4,22357.57,12607.23,17696.18,12299.34,13961.06,16648.6,13293.76,15663.3,17658.72,20159.82,185656.16
33, Greenwood County ,67188.81,70117.52,62787.96,60818.83,62785.76,75841.68,74942.89,81314.13,54574.37,47830.09,58945.18,58920.74,776067.96
34, Hamilton County ,26632.51,26041.75,30390.33,26214.29,29720.65,30837.85,31963.96,29352.97,30382.22,33578.23,29917.51,36176.85,361209.12
35, Harvey County ,647913.66,799236.37,694837.2,659722.12,785916.04,737721.98,790386.87,696937.74,750081.26,684513.06,559877.1,912253.44,8719396.84
36, Haskell County ,17257.75,34243.05,17101.57,18279.1,23321.26,21242.04,20429.59,22626.92,23657.31,28185.53,27288.12,24994.17,278626.41
37, Hodgeman County ,14918.61,17210.72,15409.33,14670.76,13525.18,16910.86,16199.02,15979.15,17726.27,14077.16,11150.52,20835.57,188613.15
38, Jackson County ,167403.36,192572.0,171265.71,161967.31,196408.19,185614.24,187129.02,179601.59,181851.45,153178.62,152474.25,207033.13,2136498.87
39, Jefferson County ,108807.08,106155.62,114315.07,101979.27,127949.51,126563.23,120213.78,122611.67,128941.61,114686.05,137100.98,160836.31,1470160.18
40, Jewell County ,17166.63,20075.72,20612.28,22385.19,21804.25,20962.64,20139.77,24256.97,20723.36,25129.71,25788.66,23677.65,262722.83
41, Johnson County ,14699260.09,15431111.41,14579711.2,13432072.99,15955843.86,16711861.32,16894571.2,16127762.66,17508192.66,17196551.47,13246944.21,19936822.88,191720705.95
42, Kingman County ,139501.52,162173.36,114801.53,109641.85,119987.67,135629.52,104790.54,101343.56,128297.18,108123.81,101084.36,168623.29,1493998.19
43, Kiowa County ,21867.78,27932.66,22782.95,19882.31,23564.3,24977.19,25171.89,24709.96,25488.14,26545.75,27543.35,33381.07,303847.35
44, Labette County ,277331.95,269056.1,254875.26,232733.73,272331.0,258340.31,266292.53,250180.97,279105.92,251213.58,200707.58,317004.33,3129173.26
45, Lane County ,16073.43,15471.67,18295.06,12502.89,18457.57,16843.6,17221.28,17766.5,18193.14,20538.69,14462.01,21518.86,207344.7
46, Leavenworth County ,635607.99,738506.5,659724.53,619137.43,744607.5,744260.8,710546.58,698529.47,768503.35,802913.35,651168.1,866791.43,8640297.03
47, Lincoln County ,27975.95,37490.87,32186.23,32307.53,33811.91,33540.16,31771.55,36401.65,32330.52,31150.69,34187.29,45305.88,408460.23
48, Linn County ,65881.93,59893.36,65011.3,68266.51,72159.49,76498.62,71426.85,63170.9,74037.34,83349.48,86857.41,81163.62,867716.81
49, Logan County ,40528.26,52864.25,49861.08,37243.88,53469.5,46876.49,45759.87,63104.38,57812.1,61994.22,48033.61,65242.26,622789.9
50, Lyon County ,380785.24,455664.98,402995.44,395000.93,481755.54,470591.85,455049.41,460990.54,468358.62,417880.57,353654.67,553769.15,5296496.94
51, Marion County ,94447.23,100032.08,101512.46,95110.87,105983.17,109311.62,102460.47,100529.99,109485.73,106388.24,88328.15,131625.77,1245215.78
52, Marshall County ,61295.17,69305.2,60905.95,57637.46,67409.76,68114.94,69383.98,75995.7,79966.14,76321.91,102025.75,84815.4,873177.36
53, Mcpherson County ,552172.6,597899.75,582844.19,522768.82,665451.93,637380.79,610294.86,633797.53,653210.83,664448.25,716169.46,773411.45,7609850.46
54, Meade County ,33555.71,34191.88,36059.03,31753.14,41840.72,33864.76,38249.46,44181.24,63075.84,56013.57,50426.05,61782.96,524994.36
55, Miami County ,499405.53,520847.78,484277.76,495981.72,583911.64,542658.61,535713.38,521634.35,589078.48,539319.28,400851.78,708048.06,6421728.37
56, Mitchell County ,88696.11,90251.95,86503.26,91807.26,111183.97,116770.14,124198.55,110094.75,98549.52,96874.47,93972.02,114449.31,1223351.31
57, Montgomery County ,,,,,,,,,,,,,
58, Morris County ,51065.84,57414.91,53671.12,55638.19,55081.36,59131.38,66330.08,66527.52,65165.32,55896.09,58793.04,67554.98,712269.83
59, Morton County ,24266.18,26513.18,22660.11,22974.05,26812.0,28958.84,28137.33,41135.75,26665.74,25039.02,20601.54,26180.04,319943.78
60, Nemaha County ,174273.75,192677.44,164425.82,167737.8,194022.05,193036.83,201187.38,173723.01,199486.34,180636.64,201593.65,225442.57,2268243.28
61, Neosho County ,313215.32,349887.4,387596.83,279894.58,432928.42,379188.04,331000.65,402857.3,343953.78,358905.01,330792.48,432921.3,4343141.11
62, Norton County ,32156.04,36111.57,34944.48,28025.72,43635.87,40910.39,41902.64,43119.32,45673.71,43049.34,52732.6,46235.68,488497.36
63, Osage County ,88986.91,97892.67,100717.6,96673.34,103262.02,117332.34,109683.56,105754.97,116209.58,103042.82,112790.62,135283.7,1287630.13
64, Osborne County ,57508.43,59169.06,56017.04,52016.57,64205.94,54560.52,54855.81,62980.59,54649.96,49845.61,53218.63,65061.44,684089.6
65, Ottawa County ,29229.47,33960.2,35025.62,31527.12,31241.52,33893.02,31372.48,30160.36,32360.85,30684.93,31678.14,46142.04,397275.75
66, Pawnee County ,98963.65,119870.72,117183.43,91183.42,129165.92,92881.19,114027.95,120190.25,119546.43,114723.53,90856.63,144559.66,1353152.78
67, Phillips County ,24637.48,27572.68,26499.91,21764.56,30536.09,27997.13,24164.15,29588.21,26459.42,30810.9,56373.22,34109.43,360513.18
68, Pottawatomie County ,518490.93,542959.01,504757.14,437100.65,575230.75,569768.27,566944.6,529935.83,530122.64,520816.75,479282.08,679954.62,6455363.27
69, Pratt County ,273734.36,283684.09,282534.5,248079.46,304800.42,299992.36,276048.61,308830.84,291588.61,290536.46,276240.69,336367.16,3472437.56
70, Rawlins County ,21545.46,19810.99,26448.83,19874.33,24147.47,26124.8,21505.0,20560.95,26775.81,23085.55,31165.58,30221.8,291266.57
71, Reno County ,753732.44,897890.33,840516.44,754679.84,917521.08,900220.95,924258.96,841771.98,910115.03,948907.38,802866.78,1071401.29,10563882.5
72, Republic County ,90062.93,90088.9,97181.32,91425.2,101669.24,91260.35,107198.94,109189.91,99841.34,101709.63,91344.14,122637.76,1193609.66
73, Rice County ,88068.78,93184.9,106318.6,76259.03,103265.05,93476.34,95270.15,94602.79,108966.09,100383.7,100821.96,121688.55,1182305.94
74, Riley County ,731676.02,777357.41,758830.43,667765.52,863595.03,825783.79,825518.1,769597.25,815450.8,851857.11,713631.18,992672.62,9593735.26
75, Rooks County ,22250.38,24192.96,24611.34,20530.08,30327.78,30771.93,27100.73,30967.34,30862.51,28096.43,41901.55,32538.59,344151.62
76, Russell County ,123438.33,148019.77,130660.62,120817.18,139417.65,153630.09,160333.82,165580.94,168268.68,168011.56,151392.38,207764.12,1837335.14
77, Saline County ,932143.5,1152118.03,980205.88,869218.49,1206929.23,1613200.29,1627335.92,1640388.45,1652804.55,1538398.22,1378466.55,1940082.34,16531291.45
78, Scott County ,126624.74,164090.71,141568.54,137920.67,151450.49,153010.72,164413.46,157930.64,159052.15,142410.06,143231.61,189228.53,1830932.32
79, Sedgwick County ,7623537.14,8728839.06,7855580.05,7068908.1,9270425.16,8919253.47,9140630.9,8531034.83,9084421.99,8724857.79,8381036.04,10747436.48,104075961.01
80, Seward County ,391184.07,449468.2,390941.16,389321.89,475582.78,441095.07,475623.98,451033.48,446503.74,462578.34,392988.85,525542.45,5291864.01
81, Shawnee County ,2794476.62,3196672.89,2880110.83,2617592.5,3400837.17,3231860.89,3253657.15,3118905.67,3340440.68,3030633.97,3040404.74,3763908.26,37669501.37
82, Sheridan County ,59936.61,59591.8,53713.65,51604.63,74256.22,68703.61,60074.11,79882.95,79730.91,68971.46,58042.93,79260.84,793769.72
83, Sherman County ,208874.54,250349.68,229315.73,193289.29,250329.42,252779.11,246445.85,225910.26,262771.98,277030.21,180085.13,262195.47,2839376.67
84, Smith County ,70677.67,81480.83,75625.88,62504.02,76640.81,87173.98,73937.15,79174.92,81900.47,77068.13,72316.29,90805.84,929305.99
85, Stafford County ,40096.49,31941.0,32868.1,32798.41,36405.81,32691.95,34933.7,39964.98,37142.01,37367.49,43590.89,53609.75,453410.58
86, Stanton County ,18326.64,15374.74,20328.62,26266.93,16817.76,24598.94,18772.21,18425.55,20214.99,20836.54,16402.7,26876.16,243241.78
87, Stevens County ,51263.68,64009.96,52226.6,52350.12,65441.71,57478.39,57219.98,61970.67,67907.05,64571.72,44283.74,81440.84,720164.46
88, Sumner County ,181603.51,202280.1,186034.14,180969.97,203726.41,216140.19,204290.98,197103.13,219234.03,221008.63,181417.09,237023.68,2430831.86
89, Thomas County ,253255.05,318026.09,270689.92,231617.06,303710.05,310219.05,301912.13,298816.63,322357.3,339136.97,281781.68,341114.46,3572636.39
90, Trego County ,32852.29,36957.34,32812.24,21896.72,37647.38,31745.23,34127.16,34389.68,40351.57,50285.79,44697.64,39601.41,437364.45
91, Wabaunsee County ,54849.98,59278.61,59134.64,61104.3,70660.29,59109.43,65167.78,69112.86,73136.97,72175.41,66698.29,95412.09,805840.65
92, Wallace County ,13851.71,13170.04,13563.6,11528.22,14261.1,15648.6,11934.04,15581.43,15163.92,15961.36,17080.88,16264.4,174009.3
93, Washington County ,47877.8,53112.03,46781.06,42214.38,52886.57,50944.54,47047.22,47526.07,52197.06,51149.94,48991.79,59079.32,599807.78
94, Wichita County ,85803.03,77235.67,48620.03,44894.92,62155.99,50203.17,51009.47,53571.27,62552.76,56869.87,52918.87,59492.67,705327.72
95, Wilson County ,,,,,,,,,,,,,
96, Woodson County ,130.82,,43.43,,1622.67,23046.95,24029.99,34395.69,48923.36,32451.28,19973.01,40652.13,225269.33
97, Wyandotte County ,2208793.02,2376578.74,2147112.75,1998574.82,2497488.18,2464431.65,2452570.83,2450847.33,2526086.6,2691934.68,2834073.16,2776032.62,29424524.38
98, Abilene ,76905.07,83733.25,76550.26,71268.32,88129.55,101348.08,94478.4,82821.52,92840.32,79248.24,62697.42,111259.76,1021280.19
99, Alden ,466.91,1407.56,532.22,454.28,1113.23,465.14,624.08,565.89,602.1,930.99,780.84,955.83,8899.07
100, Alma ,7441.88,9643.11,8262.01,12088.75,10737.59,8890.16,8119.43,8791.18,9596.68,13338.85,8209.28,9622.25,114741.17
101, Almena ,1510.52,839.69,992.93,703.48,1168.41,954.19,750.64,1090.1,700.76,906.04,513.69,1274.15,11404.6
102, Altamont ,6125.74,5715.27,6338.03,4134.96,12184.04,9606.21,9281.39,8885.25,8788.31,9222.38,7572.01,12824.5,100678.09
103, Altoona ,1232.03,1430.07,1465.13,1408.0,2087.66,1927.32,1722.64,1781.04,1779.81,1161.49,1658.36,1757.98,19411.53
104, Americus ,2384.34,2495.37,2884.84,2410.83,3342.31,2709.21,2659.58,2005.62,3316.04,2771.11,3083.19,3263.65,33326.09
105, Andover ,155780.66,218896.89,166961.66,159992.97,169745.63,175780.86,201165.71,191896.02,218115.09,172060.79,167627.8,230815.58,2228839.66
106, Anthony ,10876.53,12475.96,10642.44,10277.24,11557.11,12495.52,11385.66,11514.49,11048.29,9506.76,10774.26,11841.66,134395.92
107, Argonia ,1262.29,1985.58,1781.73,4440.2,1979.12,1405.21,1440.01,1703.71,1722.07,2049.06,1714.49,2995.88,24479.35
108, Arkansas City ,284245.08,332682.47,302878.63,269408.09,324174.8,317518.64,319012.83,296345.64,309443.92,311475.7,268909.37,337202.19,3673297.36
109, Arma ,8999.8,8432.32,7693.68,9257.31,8169.18,7509.9,6658.25,7630.67,7623.38,6941.4,7257.44,8538.26,94711.59
110, Ashland ,9919.03,8324.53,8172.15,7052.95,8901.24,8544.41,7681.77,8324.49,9625.1,7379.73,8659.81,8505.65,101090.86
111, Atchison ,126967.33,143043.1,133064.1,129634.52,155623.03,156215.29,146301.76,138068.16,146223.43,147416.13,129376.03,165114.75,1717047.63
112, Attica ,7179.15,11074.14,7158.77,9030.01,17322.1,11969.28,8988.21,9542.79,10050.2,9116.65,8023.25,12177.02,121631.57
113, Auburn ,11568.58,11614.12,10592.5,11111.15,12643.19,14066.2,14447.96,18540.79,12640.68,12942.08,14657.43,16386.96,161211.64
114, Augusta ,185953.22,214492.97,185242.59,191549.04,190309.87,198422.54,203102.25,197838.53,195702.65,190068.92,196105.69,205572.75,2354361.02
115, Axtell ,4292.63,3875.74,4163.07,5656.82,5194.8,5283.05,6102.35,5810.12,4887.32,4931.49,2780.96,7479.45,60457.8
116, Baldwin City ,36555.62,38946.07,42187.89,38605.1,46828.26,45483.57,46505.9,61057.38,47880.32,42238.98,43093.7,55580.51,544963.3
117, Basehor ,45510.64,48476.88,44705.15,46687.36,51904.38,55009.68,57052.32,54736.71,66758.68,61090.49,43505.12,64651.82,640089.23
118, Baxter Springs ,75697.15,62127.97,90111.35,68027.79,68909.66,62236.27,62155.53,57136.26,63892.21,61957.2,50140.27,80911.56,803303.22
119, Belle Plaine ,6496.99,7822.57,7998.99,7115.29,7838.54,8764.48,9211.29,6919.67,8241.21,7841.51,6348.46,10999.66,95598.66
120, Belleville ,14896.91,13309.26,16129.93,14277.29,16196.51,14912.91,16683.06,15933.7,16066.81,16188.82,11881.3,18873.95,185350.45
121, Beloit ,66958.33,66102.76,63953.55,71642.43,81462.03,87952.0,92322.92,80357.88,73439.63,69161.01,65389.34,82349.68,901091.56
122, Bennington ,2549.66,1819.17,2772.84,2502.48,2894.64,2736.53,2585.39,2391.98,2958.34,2814.04,3483.49,3320.15,32828.71
123, Benton ,8299.25,8447.72,9900.63,8807.25,10841.36,10216.81,12761.58,14160.46,12922.86,10100.64,9145.32,12203.25,127807.13
124, Beverly ,,,,,12.49,604.64,898.01,264.15,889.42,335.54,1071.39,697.66,4773.3
125, Blue Rapids ,11745.59,15696.23,15816.82,20057.45,19632.83,18933.21,17031.74,17660.11,20531.86,19660.98,18420.74,21683.81,216871.37
126, Bonner Springs ,268186.27,293074.74,239468.82,237783.72,297620.9,300332.72,309897.02,303728.67,315392.33,321772.89,285448.86,446559.8,3619266.74
127, Bronson ,1373.45,1584.2,1313.3,1360.02,1241.43,1230.78,1205.41,1122.78,1416.95,1445.36,749.53,1914.48,15957.69
128, Buhler ,6709.93,9619.57,5842.68,4967.84,6598.04,6135.75,7003.01,4662.43,7631.97,5121.15,4982.05,8966.67,78241.09
129, Burden ,1997.74,2504.74,2003.65,1895.96,2486.91,2173.25,2367.93,2228.22,2295.7,2143.51,2639.72,2130.16,26867.49
130, Burlingame ,7650.94,9142.22,8425.94,7435.6,5818.48,18404.21,8604.26,8812.44,9386.04,6349.96,7620.83,10195.48,107846.4
131, Burlington ,70841.83,66774.18,76483.27,72959.46,82805.04,107478.27,80987.31,78488.81,80566.12,94720.46,77077.46,88457.88,977640.09
132, Burrton ,6164.58,5626.57,7650.98,6042.64,11021.92,6396.29,9184.78,7315.41,7895.29,6152.5,5040.3,8489.5,86980.76
133, Caldwell ,8513.66,12386.61,9118.81,10810.53,10075.96,10782.29,9521.29,11745.93,10441.57,10196.53,8836.52,10803.84,123233.54
134, Caney ,34569.23,37507.61,42944.2,37723.77,34733.99,48453.3,50289.99,38265.14,52069.54,43918.07,45134.58,57302.14,522911.56
135, Canton ,5590.82,5638.59,5297.45,3946.07,4113.83,5884.99,6103.68,3973.76,4987.92,5166.9,5824.17,5681.95,62210.13
136, Carbondale ,13264.59,23084.12,18551.78,16486.12,17230.92,20101.16,19312.9,16854.22,19496.07,17986.1,17324.73,21159.93,220852.64
137, Cawker City ,3545.68,3902.1,3376.69,2539.3,4912.0,4225.62,4439.5,4515.02,3980.07,3315.67,4386.14,5594.43,48732.22
138, Cedar Vale ,3986.59,4563.66,3896.89,3455.68,3815.36,3735.62,4139.15,4358.03,3986.48,3907.37,2511.48,4131.14,46487.45
139, Chanute ,176368.59,190909.54,218335.96,153641.97,253615.04,215621.58,186548.58,231011.94,184630.77,202962.75,187864.89,230215.27,2431726.88
140, Chapman ,6712.0,8421.15,9426.87,9072.21,9002.92,9123.74,6690.42,9644.91,10057.96,7564.03,8179.69,11577.61,105473.51
141, Chase ,932.59,804.69,981.78,769.43,1152.4,1049.63,1027.73,1217.34,1178.1,1234.21,1013.82,1190.51,12552.23
142, Cherokee ,4089.88,4738.59,2902.24,3612.59,3500.54,3511.31,3473.44,3319.72,3450.2,3018.62,2298.22,4086.23,42001.58
143, Cherryvale ,49164.09,55538.53,48972.41,45540.26,50460.11,48371.82,46694.0,51138.59,81802.81,43586.16,46421.3,51666.43,619356.51
144, Chetopa ,9081.62,12992.07,9659.86,12202.9,10850.42,9566.19,8579.58,10186.22,9878.66,8649.21,6770.53,9766.85,118184.11
145, Cimarron ,20973.82,22972.93,20439.74,17971.0,27066.07,20574.29,19911.77,22242.69,19713.52,21861.21,18221.19,25663.76,257611.99
146, Claflin ,1608.75,2369.62,2350.38,1593.32,2368.18,1999.5,1991.52,2224.58,2242.49,1850.99,1203.28,3115.27,24917.88
147, Clay Center ,128397.07,156730.04,129745.91,134572.4,176643.38,158596.49,170718.43,325578.74,157163.57,135270.06,114521.28,187581.91,1975519.28
148, Clifton ,3367.49,4713.32,3886.69,2773.07,5939.76,4166.62,3636.42,4857.06,3697.21,6137.11,4151.1,4673.55,51999.4
149, Coffeyville ,346336.83,363121.99,362309.33,340312.06,397152.14,409010.19,377213.14,353761.03,365161.97,377217.57,354820.58,397487.56,4443904.39
150, Colby ,96426.34,123036.37,101565.54,91526.36,111600.07,117059.7,115781.22,112723.25,123849.62,117269.57,104064.87,122447.31,1337350.22
151, Coldwater ,20019.56,17571.55,21438.34,20991.95,25483.73,21173.82,21628.37,19610.14,23076.19,23831.39,26336.36,29357.49,270518.89
152, Collyer ,470.26,567.72,581.65,320.59,1068.58,541.94,467.49,644.46,584.17,482.31,365.3,821.01,6915.48
153, Colony ,442.63,252.16,421.3,1121.47,1268.38,598.67,1032.51,335.35,1065.44,458.73,279.24,658.85,7934.73
154, Columbus ,36924.6,40439.67,41639.94,39714.2,48292.31,43697.1,43391.23,36792.41,38849.6,35928.29,24696.93,51777.02,482143.3
155, Concordia ,88364.89,96798.6,92450.1,88259.99,103151.17,111262.42,101261.42,103015.99,98412.73,90487.41,85004.23,122957.6,1181426.55
156, Conway Springs ,10356.01,10883.66,11655.74,11718.71,8288.55,12133.76,12114.58,11206.87,9002.33,11355.7,9680.67,13941.19,132337.77
157, Cottonwood Falls ,8598.95,6543.6,7995.19,6852.08,7391.31,10106.98,9070.57,7007.45,7969.24,8071.62,7745.73,9950.7,97303.42
158, Council Grove ,56180.14,66533.91,57673.73,54692.86,60370.96,69441.1,74513.25,61637.75,70863.65,61315.29,46920.73,79430.73,759574.1
159, Cunningham ,4897.34,4705.95,5351.89,4374.01,4924.06,4841.17,3953.45,4686.02,4790.12,4936.08,4849.77,5139.4,57449.26
160, Danville ,332.84,275.14,107.73,170.99,152.31,188.45,114.27,92.09,110.02,284.57,107.03,431.16,2366.6
161, Dearing ,1778.69,2801.86,3169.34,2436.9,1701.24,6953.18,4785.01,4150.61,5420.95,4019.98,4036.88,4846.02,46100.66
162, Deerfield ,7462.34,7329.05,7952.71,6823.66,9665.7,8465.46,8776.26,8768.28,5586.57,11226.36,12620.5,12156.22,106833.11
163, Delphos ,1212.45,1069.57,1441.62,1540.4,1508.24,1705.78,1569.81,1249.4,1455.94,1379.17,1105.94,1335.47,16573.79
164, Derby ,215756.32,270685.4,224261.02,194990.48,252248.0,253890.7,248024.46,242035.0,248333.14,222226.64,209350.47,280007.67,2861809.3
165, DeSoto ,77941.89,91304.62,82902.62,75077.7,85192.87,92543.94,88360.71,88881.46,99941.46,83301.69,88642.01,103277.99,1057368.96
166, Dighton ,9298.23,7681.64,8219.97,6226.36,8635.38,7792.13,8873.09,9084.08,7314.14,8549.84,8177.91,11226.25,101079.02
167, Dodge City ,430090.37,480170.78,453773.47,416838.47,531833.56,495839.72,517004.34,507846.64,510997.71,511286.43,408492.27,593546.47,5857720.23
168, Douglass ,7295.28,8319.74,17043.3,14366.87,15827.17,22031.3,16652.61,15599.98,19144.89,19997.03,15259.79,18575.47,190113.43
169, Downs ,5225.16,5342.52,5248.59,5116.06,6664.75,5187.64,5744.85,5384.94,5297.12,4832.7,3725.96,5733.17,63503.46
170, Easton ,2598.98,2395.36,2296.85,2348.09,2918.85,2831.23,2830.91,3304.57,2853.74,2561.72,2421.1,3374.19,32735.59
171, Edgerton ,46667.66,39275.98,34517.6,44288.91,43181.31,44765.31,35440.3,41982.99,52110.39,38250.47,46181.88,57278.0,523940.8
172, Edna ,6157.57,6399.07,6076.66,6091.21,6062.34,6144.08,7881.83,6795.52,7871.74,5961.25,5560.84,7375.58,78377.69
173, Edwardsville ,42367.98,55119.8,47227.01,50141.34,54495.96,54383.6,61712.23,57441.65,71140.22,57781.16,59556.54,65318.82,676686.31
174, Effingham ,1776.27,2005.76,1991.95,3108.14,1988.62,2326.53,2463.75,2311.62,2318.36,2831.67,1863.3,3998.68,28984.65
175, El Dorado ,188100.26,212131.26,193224.66,185003.39,213512.88,229808.05,217509.14,208429.75,216910.25,209008.4,185028.38,239313.83,2497980.25
176, Elkhart ,12564.7,17586.34,13610.35,14334.98,15836.01,16081.06,18438.5,16680.19,15445.73,14319.45,14353.15,16662.49,185912.95
177, Ellinwood ,6198.68,6597.06,5698.95,6395.92,6985.93,6501.59,5565.79,6222.92,6610.72,6491.16,6210.29,7350.82,76829.83
178, Ellis ,27682.76,31578.68,34738.76,19016.95,33676.5,35942.37,30414.1,39377.06,38416.46,39748.3,32653.31,40633.44,403878.69
179, Ellsworth ,33573.38,40531.33,38272.72,34579.18,37346.99,46916.94,36879.75,39827.62,40649.76,37906.59,33716.61,52167.61,472368.48
180, Elwood ,11640.92,6134.29,8914.86,10687.46,,,5233.63,19395.44,11743.38,8985.36,9420.48,17570.99,109726.81
181, Emporia ,344517.54,413448.33,364600.39,349727.01,434912.47,426237.09,409313.79,405573.05,412848.62,368966.86,324521.28,503485.74,4758152.17
182, Erie ,11582.94,11957.98,12532.02,10789.12,13546.88,10999.24,10877.87,10832.04,14446.88,11304.63,9815.94,15160.4,143845.94
183, Eskridge ,2382.11,2191.68,2580.02,2335.45,3108.45,1882.05,3133.89,2697.94,3151.79,2846.57,2790.16,2940.96,32041.07
184, Eudora ,51572.0,55418.1,52188.1,50133.61,49451.96,54141.42,51831.33,50056.67,56699.93,53087.8,46419.45,82850.58,653850.95
185, Eureka ,41180.9,44940.37,42693.74,37410.23,40791.96,56126.66,46265.59,50654.4,49197.1,41709.49,33269.19,63958.08,548197.71
186, Fairway ,63690.7,73256.93,57977.64,55250.77,62349.02,64395.45,65532.6,68673.59,74262.02,57379.9,67144.4,79746.05,789659.07
187, Florence ,4055.54,9435.9,2970.52,2104.64,3124.04,3583.89,3190.21,2397.15,3356.62,3331.38,2741.43,3927.2,44218.52
188, Fontana ,286.8,265.05,618.5,278.91,294.91,185.99,294.42,188.29,420.58,312.76,195.96,314.68,3656.85
189, Fort Scott ,178496.6,222592.31,196401.74,170539.79,220687.78,204904.57,203558.04,203993.95,227338.72,182478.84,169402.65,249945.88,2430340.87
190, Frankfort ,9176.99,10685.28,12236.62,9979.83,13507.12,10880.05,10785.72,14199.49,12453.09,15647.13,14205.85,18361.53,152118.7
191, Fredonia ,73808.65,81356.62,71306.48,68826.71,79185.55,87035.79,76987.41,78755.11,78469.45,78901.18,79884.84,83863.56,938381.35
192, Frontenac ,46951.12,53649.74,60307.91,45487.07,72666.39,54771.88,51785.55,52412.15,57547.62,52765.33,39836.02,70544.17,658724.95
193, Galena ,16663.39,16091.21,19114.35,19392.18,22220.15,18257.01,18630.18,13711.97,18178.85,17838.87,13859.29,23055.83,217013.28
194, Garden City ,596509.19,654966.43,627648.69,559449.56,692850.31,668409.75,695273.65,642578.94,696041.6,652362.38,575468.53,767673.08,7829232.11
195, Gardner ,335334.72,334003.17,340052.18,315673.84,368417.0,378160.72,362249.5,389201.82,387872.6,386185.3,328685.1,415783.71,4341619.66
196, Garnett ,20068.74,25034.58,21828.45,19995.97,26171.74,27305.62,20032.58,22007.12,23101.23,19692.45,13772.85,32708.73,271720.06
197, Gas ,3313.83,3346.33,4202.8,3434.68,3846.22,3859.89,3617.76,3870.26,3597.26,3205.94,2380.0,4760.34,43435.31
198, Geneseo ,1126.1,1483.65,1400.44,801.23,1449.49,3264.69,1687.5,1376.35,2463.87,2968.46,1426.78,2515.2,21963.76
199, Girard ,20540.5,24433.28,21558.69,19712.48,26374.04,23245.06,24638.66,27127.99,23570.64,24110.07,17745.82,29818.62,282875.85
200, Glade ,2817.66,2956.12,2012.71,2390.96,2786.04,2934.04,2170.72,2630.14,2813.79,2625.25,2037.65,2993.59,31168.67
201, Glasco ,2333.09,1416.6,2265.16,2025.64,2522.28,1655.97,1697.51,1924.28,2923.83,1593.54,828.73,2698.57,23885.2
202, Goddard ,87946.78,97336.38,86971.6,74760.6,108894.16,99813.0,105980.23,100055.62,108469.37,96047.03,79636.47,118200.23,1164111.47
203, Goodland ,21144.18,25764.46,23680.04,19863.96,25123.46,25343.89,24895.8,23230.44,26420.88,26380.88,19876.85,26456.83,288181.67
204, Grandview Plaza ,12585.71,11042.26,13373.45,10935.06,13185.82,12027.96,13878.44,13786.83,18228.86,13077.66,10771.43,27942.42,170835.9
205, Great Bend ,204559.2,237754.22,216607.37,192911.15,248922.8,272419.78,233308.48,237342.99,237576.38,237193.22,190924.58,280999.4,2790519.57
206, Greensburg ,10780.71,17124.55,10130.95,9239.23,11891.91,12224.63,12020.99,11346.91,13369.26,10601.43,11027.15,15111.21,144868.93
207, Grinnell ,750.77,749.27,401.24,381.22,805.84,701.93,622.2,572.07,1118.48,452.56,281.4,725.93,7562.91
208, Hardtner ,,,,,,,,,,,,,
209, Harper ,29852.74,26727.16,29509.77,28482.34,37125.52,41445.55,41201.74,36619.81,40907.54,33179.3,32300.35,35881.95,413233.77
210, Hartford ,1316.8,1949.71,2068.2,1743.36,2278.52,2241.05,2395.05,1762.9,1828.41,1597.02,2008.19,1859.65,23048.86
211, Haven ,5136.35,7311.7,4346.74,5034.67,6630.25,10.41,0.19,6.42,4.06,0.08,4.77,,28485.64
212, Hays ,820410.8,900620.4,838179.59,702589.07,980549.39,925831.2,917680.5,965451.72,1019250.02,908316.29,750130.99,1158520.42,10887530.39
213, Haysville ,55987.45,53326.24,64831.1,63091.15,63579.11,67389.48,72643.15,62902.51,79552.49,61824.39,43481.61,92226.59,780835.27
214, Herington ,34228.51,34675.53,45631.75,35406.96,40092.96,22411.46,21519.37,22490.15,22329.83,21720.45,19484.09,21943.98,341935.04
215, Hiawatha ,90606.32,98981.75,94089.49,81941.54,108274.95,97625.21,103630.35,95096.27,96183.42,89939.35,91401.21,106869.09,1154638.95
216, Highland ,3864.53,10678.85,4645.21,6752.37,3948.22,4986.98,7706.94,3288.43,4047.85,7546.63,3035.66,4929.26,65430.93
217, Hill City ,16466.38,18361.39,18745.91,14983.44,23665.98,28399.62,20428.86,21615.14,19253.47,19976.56,14634.87,25523.73,242055.35
218, Hillsboro ,37441.57,37746.52,37611.33,40807.85,47120.16,44770.1,44149.81,42879.49,47175.87,46057.31,39387.34,57714.27,522861.62
219, Hoisington ,15147.55,14731.46,16556.12,15586.93,17199.02,15355.29,17087.64,18004.64,16025.45,13631.7,13866.53,19124.22,192316.55
220, Holcomb ,4587.91,4653.97,4747.13,3552.54,5346.02,4972.96,5097.8,5312.12,5226.55,5321.01,4908.34,6027.62,59753.97
221, Holton ,59164.13,71045.39,62856.37,59752.46,72627.65,70412.1,68263.16,67475.19,66444.13,55995.32,62045.95,72460.52,788542.37
222, Horton ,19425.78,27004.46,22290.12,25627.87,32100.72,22277.36,22974.63,20133.53,24682.04,23490.58,16685.72,27732.54,284425.35
223, Howard ,5938.84,6930.14,6172.59,5619.07,7152.9,6438.59,6073.13,6990.12,6206.31,5647.82,5988.83,7377.22,76535.56
224, Hugoton ,54358.43,57614.85,53268.81,55345.11,69720.8,66711.78,64410.65,66534.09,66269.19,59261.6,48791.88,90523.87,752811.06
225, Humboldt ,18132.38,23596.53,23901.25,17374.81,23839.65,22713.2,22535.16,24338.29,30003.49,23401.08,18959.67,39391.54,288187.05
226, Hutchinson ,667279.81,813065.99,745129.17,674098.75,804220.67,799340.66,821357.39,752263.08,792694.88,741388.33,682203.2,931186.12,9224228.05
227, Independence ,424379.68,497373.9,460763.03,441909.89,524231.68,544777.99,478723.97,506790.19,506545.94,456507.97,443573.92,517898.62,5803476.78
228, Iola ,108344.67,120112.0,113270.96,99346.45,132988.86,139538.83,118435.31,120171.38,129036.91,110385.01,90974.52,150191.6,1432796.5
229, Jetmore ,11114.56,10575.28,9506.6,11205.72,8529.66,11546.11,12957.24,12197.01,14620.37,8979.53,8754.36,15428.33,135414.77
230, Junction City ,684409.72,739891.49,753251.72,646592.29,847054.12,792948.78,758616.61,694929.11,733548.71,658861.7,618172.48,816012.53,8744289.26
231, Kanopolis ,1783.83,1828.12,1328.12,1596.08,1505.68,1678.34,1566.79,2124.05,2161.37,1709.71,1595.49,3430.68,22308.26
232, Kansas City ,3265190.25,3506419.89,3197171.21,2948039.57,3712464.79,3636674.3,3637084.37,3620505.64,3713300.22,3616520.76,2990008.58,4268137.38,42111516.96
233, Kensington ,3515.41,4472.89,3998.73,2652.59,4031.76,3454.41,4004.72,3615.26,4829.48,3978.76,2960.29,3744.25,45258.55
234, Kincaid ,844.02,440.75,469.28,517.95,1152.76,495.61,650.5,638.01,834.78,588.43,368.89,720.92,7721.9
235, Kingman ,38067.77,40495.6,35880.18,36290.9,38936.19,50534.93,34896.77,35162.11,47297.08,33387.94,31616.93,61660.56,484226.96
236, Kinsley ,12502.11,15325.59,15692.07,12283.99,15273.67,13239.15,12628.45,14035.13,13702.25,13526.98,11111.88,15410.97,164732.24
237, Kiowa ,7925.01,9430.9,8631.2,7714.59,10176.04,9079.52,9242.41,8927.15,7723.67,8982.92,10525.49,15558.58,113917.48
238, LaCrosse ,18302.02,20198.68,19497.72,19178.75,21549.65,26949.9,22817.16,18445.18,24637.58,25177.82,21704.14,20725.83,259184.43
239, LaCygne ,22668.92,28645.57,26208.93,24318.27,21560.34,28479.13,26116.25,27493.08,26477.55,24437.42,21499.61,29413.48,307318.55
240, LaHarpe ,1268.64,1584.01,1440.11,1280.04,1711.62,2554.09,2778.28,1181.81,2172.88,1407.22,695.11,2039.05,20112.86
241, Lakin ,13711.9,13095.49,15074.86,13043.85,17716.91,16055.82,15050.11,15829.04,15713.88,18726.82,16954.07,17365.81,188338.56
242, Lane ,580.14,514.07,559.0,453.92,566.44,391.05,582.02,733.06,1041.02,623.21,506.08,799.22,7349.23
243, Lansing ,97048.86,117862.93,108322.52,104372.93,128093.55,130162.31,126809.01,122863.32,121667.0,114801.37,104916.26,140929.11,1417849.17
244, Larned ,19818.69,23165.06,21946.85,18012.89,25038.39,16765.05,21798.36,21108.16,23415.07,20396.63,16985.67,28434.19,256885.01
245, Lawrence ,1981153.94,2328228.0,2046142.66,1893803.28,2389412.66,2395391.54,2336857.99,2150450.95,2416698.46,2250739.88,2064110.2,2854009.52,27106999.08
246, Leavenworth ,790363.01,932942.96,814978.49,749432.57,929203.44,901552.43,858955.89,844264.83,904890.5,792581.17,637584.38,1054977.18,10211726.85
247, Leawood ,633124.96,759511.68,625674.99,535289.23,633824.21,631245.12,689023.52,691204.91,746697.72,612335.04,648120.31,858506.1,8064557.79
248, Lebo ,15547.67,16536.46,16317.49,12700.26,23274.44,19098.77,17937.46,18575.47,18848.57,16624.07,28691.13,17825.72,221977.51
249, Lecompton ,2881.56,5224.83,4035.75,3483.96,4668.8,3769.92,7597.84,821.27,5385.05,3857.25,3179.76,3610.17,48516.16
250, Lenexa ,1574850.32,1677508.65,1584043.57,1418483.33,1672977.7,1710150.2,1756956.01,1696867.99,1840429.99,1987713.42,1509460.75,2289835.5,20719277.43
251, Leon ,1879.21,3403.03,3401.14,2686.11,2880.48,3979.27,2774.86,2336.99,3406.11,2366.81,2311.11,3226.58,34651.7
252, Leonardville ,1989.03,1923.13,4201.01,2328.47,2075.65,2152.27,1935.6,2164.48,2521.47,1687.07,1827.85,2709.01,27515.04
253, LeRoy ,2649.07,4000.66,3263.49,3526.47,3965.92,3749.25,3544.96,3969.17,4880.41,3422.01,2533.85,3681.75,43187.01
254, Liberal ,423225.02,496875.94,428588.23,432591.87,506087.22,488885.37,527476.32,498799.83,490747.21,499861.32,422446.2,586848.98,5802433.51
255, Lincoln Center ,9631.14,10635.8,9811.42,11210.86,13273.46,10811.84,11145.37,13091.11,10633.9,8549.21,8656.8,14942.8,132393.71
256, Lindsborg ,38083.86,38675.73,38056.59,34081.17,40022.1,44397.92,41563.36,43380.8,41699.64,39258.88,39043.89,63507.69,501771.63
257, Linwood ,1720.79,2282.76,4032.7,2019.18,2175.14,2080.8,2197.93,2419.56,1875.49,1337.5,1730.01,4071.9,27943.76
258, Little River ,3199.29,2204.53,1976.15,2415.24,2907.95,2397.82,1861.57,1787.71,2579.86,2457.99,2462.87,2925.13,29176.11
259, Logan ,2642.71,2583.83,3677.7,2042.25,2951.18,2958.81,2971.79,3434.34,2852.55,2740.01,2604.42,2778.74,34238.33
260, Longford ,399.81,489.74,368.92,412.36,591.19,568.71,560.63,751.1,534.23,526.88,790.65,522.32,6516.54
261, Louisburg ,126153.25,129481.82,124289.21,122451.58,157708.37,118553.75,110941.89,104302.44,120942.58,124205.83,103291.75,197302.96,1539625.43
262, Lucas ,3357.08,2918.0,2295.38,2494.4,3024.48,2630.77,2694.89,3344.04,3199.96,3059.17,3195.33,3362.5,35576.0
263, Luray ,4714.25,2767.45,2166.07,2192.26,2584.94,2648.1,2209.99,2376.34,2755.04,2958.82,2401.12,2988.43,32762.81
264, Lyndon ,15897.07,17673.07,23314.64,19052.69,19290.36,18381.37,19487.96,16396.11,17590.88,18119.82,13740.5,20019.55,218964.02
265, Lyons ,29631.01,31047.71,36000.46,26454.93,37535.59,36031.77,36371.81,38839.85,35771.33,33094.4,34295.23,42735.32,417809.41
266, Manhattan ,1427759.09,1480990.84,1372209.46,1228307.36,1595714.43,1545685.88,1526673.49,1467004.97,1480920.34,1431385.98,1466005.35,1851245.26,17873902.45
267, Mankato ,5775.36,6230.79,6828.21,9236.41,6941.99,8311.2,6909.65,10086.67,6318.88,7978.39,5625.11,9668.49,89911.15
268, Maple Hill ,1754.47,1693.73,1900.06,1589.72,1868.34,1543.7,1499.36,2069.44,2149.11,2581.27,2508.6,5328.78,26486.58
269, Mapleton ,254.11,344.19,200.78,254.19,291.54,195.18,213.08,456.71,438.05,289.16,263.86,250.67,3451.52
270, Marion ,13530.4,16982.84,15560.77,13609.59,18218.53,20487.08,18679.52,17760.57,18311.56,15414.93,15974.58,17891.36,202421.73
271, Marquette ,2931.96,6882.18,2968.6,2595.33,2603.2,3014.08,3145.14,3571.33,3990.23,3455.62,3449.1,3867.13,42473.9
272, Marysville ,121468.27,133576.89,116730.47,105282.46,128427.73,136012.11,127906.5,122360.41,129184.29,116158.53,103253.59,148636.67,1488997.92
273, Mayetta ,1785.06,1688.0,2323.13,1358.65,1363.14,2212.37,1903.47,2139.56,4327.32,4485.5,3778.36,4048.46,31413.02
274, Mayfield ,332.56,379.26,524.59,319.41,571.21,293.93,337.52,342.67,366.95,316.83,438.2,390.33,4613.46
275, McCune ,1488.69,1645.47,1138.77,1253.21,1302.51,1649.97,1514.41,1457.05,1422.95,1244.06,796.18,1859.42,16772.69
276, McPherson ,234570.45,261020.52,248092.46,215432.46,281679.36,267371.78,264312.65,275758.75,278531.67,276602.56,239051.89,307161.24,3149585.79
277, Meade ,15813.63,15959.41,19011.18,16252.1,18793.69,17188.04,16075.14,18717.72,20276.09,16306.2,14684.4,25511.76,214589.36
278, Medicine Lodge ,18944.86,20048.38,17284.01,21494.69,18535.18,25437.64,19389.86,18763.61,19371.7,15856.65,15588.81,26616.39,237331.78
279, Melvern ,1869.82,2807.87,1633.26,2011.17,1586.55,1825.63,2600.41,1847.58,2228.04,1634.19,2163.59,2665.12,24873.23
280, Meriden ,3093.86,3471.7,3160.8,3360.48,4949.18,3840.71,4316.26,4307.2,4789.09,3462.04,3872.9,5148.03,47772.25
281, Merriam ,985133.47,1074857.58,1004314.2,922233.77,1199015.02,1263588.08,1197301.45,1169053.07,1314459.62,1156584.09,1007362.81,1413478.94,13707382.1
282, Miltonvale ,4844.39,4531.56,5224.51,3873.23,4676.37,5042.92,7427.5,3842.1,6670.31,3885.27,3710.08,7295.8,61024.04
283, Minneapolis ,13959.77,17340.85,16979.98,14957.45,15238.43,18031.05,16421.35,16001.14,16057.45,14305.81,12175.58,26716.42,198185.28
284, Minneola ,4746.31,4281.65,4404.17,5171.15,7132.31,4337.3,4445.01,4125.2,3091.22,4313.25,5762.85,4374.41,56184.83
285, Mission ,329066.43,380913.57,351545.09,316891.44,374488.92,373739.9,363451.85,345552.71,368868.3,336703.56,307878.54,454199.46,4303299.77
286, Mission Hills ,62009.11,58832.62,63784.67,60511.8,65803.11,71664.34,81297.44,80020.64,81505.12,72968.56,71989.19,98170.56,868557.16
287, Mission Woods ,3663.83,4869.41,2476.44,2323.2,2949.14,3543.03,4589.16,2532.86,3969.77,3056.34,4546.85,6466.98,44987.01
288, Montezuma ,25991.94,28624.51,30885.41,31092.02,29257.67,30145.98,37965.26,34120.92,30221.47,35754.97,25553.12,40635.5,380248.77
289, Moran ,1824.02,1981.58,1943.37,1893.88,2200.14,2712.01,2002.58,2671.47,7686.22,2291.78,2882.5,3305.28,33394.83
290, Morland ,541.71,904.06,905.68,465.95,920.9,601.41,579.86,791.07,2525.0,649.47,748.09,959.62,10592.82
291, Moscow ,3993.39,3963.33,7800.78,6848.54,3643.12,1511.72,3361.23,3653.07,3834.91,3106.5,2969.93,3961.12,48647.64
292, Mound City ,12773.49,12143.4,13802.59,11302.78,12937.48,13830.77,12285.67,13671.65,12797.32,13765.0,9999.81,15732.93,155042.89
293, Mound Valley ,583.79,1143.5,997.34,719.22,767.82,954.92,959.44,708.34,903.92,1012.79,835.56,859.14,10445.78
294, Moundridge ,18547.67,15459.89,17983.56,22794.33,22423.98,23484.6,18112.35,18756.59,23051.74,23619.75,16961.05,24601.97,245797.48
295, Mullinville ,1208.12,862.07,916.69,736.57,1258.91,951.45,1418.84,1078.2,791.09,863.47,936.02,1657.68,12679.11
296, Mulvane ,42091.12,45349.9,43944.27,38108.65,47402.47,44298.78,49631.87,44724.41,1739.1,602.0,4585.98,1086.05,363564.6
297, Neodesha ,33827.03,36730.92,37677.51,38071.62,50640.53,65080.46,64601.99,48718.11,62489.93,64710.96,72045.78,61397.26,635992.1
298, Neosho Rapids ,212.33,519.85,454.7,500.28,515.43,534.92,515.35,1621.67,507.81,897.97,460.8,795.85,7536.96
299, Ness City ,27208.67,33425.0,32519.91,28453.28,27591.68,34287.45,33929.55,35287.98,32444.15,34330.38,40023.2,36710.23,396211.48
300, Nickerson ,4934.61,4012.25,4938.26,4897.46,6004.06,4872.11,4944.05,3767.92,8562.65,8196.26,6274.39,6995.28,68399.3
301, Norton ,39096.52,43832.9,43234.93,34090.58,52381.95,50995.73,53620.93,52590.79,54834.26,46823.63,40711.1,54705.67,566918.99
302, Oak Hill ,66.89,39.46,90.91,44.83,54.21,52.2,54.58,25.12,50.46,26.39,60.06,104.81,669.92
303, Oakley ,15657.81,18744.53,17963.29,16867.25,18167.89,16563.5,18786.28,21144.43,21323.4,20903.68,18907.96,21937.49,226967.51
304, Oberlin ,30431.52,25140.33,22984.28,18520.57,27723.81,23479.53,26171.21,27309.38,28779.02,26242.89,20883.89,30116.3,307782.73
305, Ogden ,6158.46,6339.09,8894.55,6991.24,6996.07,8398.17,7731.1,6885.6,8151.72,6188.87,6742.55,8080.16,87557.58
306, Olathe ,3407733.87,2870708.33,3335850.53,3165123.5,3744245.2,4147794.27,3949082.09,3753888.44,4062446.41,3595706.66,3370927.87,4616585.74,44020092.91
307, Olpe ,1308.41,1424.77,1344.83,2120.3,2527.22,3389.53,2969.56,3287.55,2462.25,2487.05,3752.98,2482.79,29557.24
308, Onaga ,5515.68,7014.05,5475.41,4943.56,9148.0,6381.26,7043.2,8007.88,6798.44,6719.98,5608.69,8400.76,81056.91
309, Osage City ,41347.04,44284.87,42952.96,42695.45,48119.4,51349.45,50557.05,52375.63,48555.16,42073.9,36105.89,55840.88,556257.68
310, Osawatomie ,26323.46,31904.01,30823.87,31060.32,35292.85,29632.38,28799.13,27904.95,28514.55,27641.37,22594.78,35190.26,355681.93
311, Oskaloosa ,13718.53,15322.03,14292.38,12815.76,13081.96,14290.76,17177.72,12526.73,15121.66,13113.09,12167.66,17328.52,170956.8
312, Oswego ,19464.93,21505.22,20715.57,18974.39,20800.92,20805.81,17933.19,18242.79,19294.24,18096.14,12488.02,24541.68,232862.9
313, Ottawa ,343076.62,369978.32,344120.32,316746.24,416116.82,406562.33,376934.58,390549.79,366787.02,381165.88,348136.72,426767.67,4486942.31
314, Overbrook ,7268.33,9768.07,8427.34,7545.86,7578.28,9603.58,9010.18,8201.13,10011.36,9674.09,8552.91,10359.5,106000.63
315, Overland Park ,3685014.58,4172365.62,3653577.19,3361500.24,3959574.63,4073965.5,4291787.15,4002599.48,4385489.96,4140180.39,3931090.79,4928966.67,48586112.2
316, Oxford ,4420.42,4385.1,5134.51,4037.38,4830.24,5787.98,4851.73,4810.06,5338.55,4206.33,3343.07,6139.23,57284.6
317, Ozawkie ,2805.04,3086.44,3966.99,2617.23,3296.64,4232.61,4018.6,2748.64,4226.8,3632.44,3630.98,5154.66,43417.07
318, Palco ,3785.75,2978.99,4486.24,3491.43,3997.97,3926.2,2690.95,3964.95,4347.01,3327.01,1012.42,5322.12,43331.04
319, Paola ,163136.27,173675.58,153963.31,143447.37,176918.47,173208.83,173757.76,168747.25,176474.32,163443.21,142060.9,193109.94,2001943.21
320, Parker ,6864.62,5736.8,4858.08,6791.16,7229.92,6491.69,6680.38,6801.65,6030.45,19118.1,12495.21,10755.94,99854.0
321, Parsons ,200419.78,223975.14,212339.71,192512.35,226266.2,220607.37,226284.5,208627.77,233289.88,208183.23,188698.53,259841.42,2601045.88
322, Paxico ,1007.85,960.88,1190.69,920.2,1069.91,992.65,1409.11,1264.8,705.04,1170.82,835.69,1203.81,12731.45
323, Peabody ,4297.69,5521.63,6269.83,4899.36,6180.65,5799.77,6760.89,5587.6,5440.17,6388.1,5000.73,8033.98,70180.4
324, Perry ,3432.13,4152.65,4454.46,3365.97,5404.95,4442.93,3637.24,5184.93,7532.13,6901.2,6430.81,9152.59,64091.99
325, Phillipsburg ,64647.65,76665.46,67039.86,57341.49,82364.82,74501.6,63403.95,74944.81,67352.24,63290.33,51409.76,92373.18,835335.15
326, Pittsburg ,481599.33,538808.31,477595.61,434375.76,530254.59,570039.5,530897.16,491772.6,551126.76,502180.69,416991.52,667894.35,6193536.18
327, Plainville ,37121.59,40478.1,22674.48,16233.42,26772.37,46161.09,44938.4,54677.4,50241.16,46775.41,40533.36,56584.08,483190.86
328, Pleasanton ,16028.79,17487.27,15707.15,14435.57,19607.73,21730.84,15758.24,12173.84,15570.32,14491.16,10572.88,16442.07,190005.86
329, Pomona ,10834.94,10681.8,14011.49,10457.18,22439.03,15051.85,13402.29,11890.21,14231.63,11743.93,12348.61,14131.0,161223.96
330, Potwin ,1429.92,1358.21,1468.18,1742.18,1248.5,1320.82,1761.12,1198.95,1836.2,1160.49,1500.2,1575.6,17600.37
331, Prairie Village ,208999.47,234800.6,216139.23,199051.7,206752.38,237008.83,240042.17,204804.05,253276.47,213539.69,189470.43,294838.27,2698723.29
332, Pratt ,98270.17,104260.08,103125.47,89831.35,111182.44,106872.43,107100.93,111222.88,105364.16,102313.72,96698.33,120826.92,1257068.88
333, Pretty Prairie ,2251.74,2177.98,2156.59,2159.96,2934.16,2515.81,2270.69,2617.15,6600.47,3138.67,2507.58,3711.88,35042.68
334, Princeton ,4434.09,2796.16,3175.89,2916.75,3038.92,3190.71,3514.78,3799.53,4357.77,4187.3,4491.17,4669.83,44572.9
335, Protection ,5617.79,6391.87,7537.24,5279.36,7976.61,5602.5,6726.68,8124.47,5953.35,7913.95,5679.61,7217.15,80020.58
336, Randolph ,1165.28,1100.95,1066.29,1097.07,1176.89,1309.38,2323.91,1161.2,1890.94,1590.03,1711.87,1601.2,17195.01
337, Ransom ,874.24,881.19,1102.56,842.18,1054.19,1081.53,826.76,1161.27,1192.28,887.05,1029.54,1267.07,12199.86
338, Richmond ,1518.76,1023.74,1007.17,1042.77,1181.6,1111.84,1143.05,1054.89,1146.62,1807.94,613.19,1682.65,14334.22
339, Riley ,6611.01,8382.37,7331.32,7554.34,7733.43,7958.23,7985.5,7231.12,7501.51,7119.47,7451.65,8910.57,91770.52
340, Roeland Park ,165297.21,175101.23,154060.69,138857.45,173992.01,213180.36,206812.29,207471.27,197556.79,189900.6,202658.58,225339.44,2250227.92
341, Rolla ,2626.39,3149.78,2687.24,2985.34,3007.38,2917.3,4841.03,3417.69,3247.61,3729.67,2284.67,3192.19,38086.29
342, Rose Hill ,17738.67,19920.06,22781.69,20506.83,21561.12,21111.17,25150.63,20748.25,22755.86,21165.66,19751.79,24984.68,258176.41
343, Rossville ,7828.51,7827.24,8751.81,7579.02,10083.77,9388.83,6343.87,7509.6,8905.88,7580.4,9187.03,12240.45,103226.41
344, Sabetha ,39751.13,47254.74,37301.25,37880.83,40820.75,43964.42,45260.17,40267.38,43359.52,40284.18,33641.39,56986.82,506772.58
345, Saint Francis ,11445.79,16422.25,12457.6,13785.94,15487.25,12912.96,17009.16,15161.39,15986.71,14254.86,15542.58,16417.43,176883.92
346, Saint George ,3836.14,4654.36,6682.46,5866.69,7171.01,4892.27,7393.89,4527.96,7310.92,3308.03,5887.42,5719.55,67250.7
347, Saint John ,9456.74,10578.96,9142.91,10382.85,10782.36,10761.24,10609.61,10846.54,11421.41,9658.13,8926.91,15189.19,127756.85
348, Saint Marys ,27618.07,26130.34,34706.84,26099.65,28659.46,27198.45,26164.78,22358.02,31460.12,25320.89,15806.94,34132.91,325656.47
349, Saint Paul ,4822.44,6510.09,5553.99,4419.46,6105.64,6813.37,6165.88,4966.89,6290.97,5521.42,4398.37,5523.54,67092.06
350, Salina ,1104241.59,1368086.34,1153697.95,1020716.65,1412225.74,1283161.89,1289696.68,1298258.52,1308398.46,1190655.57,1151798.1,1536675.13,15117612.62
351, Satanta ,6490.15,38615.06,6269.75,7041.85,7736.47,5809.26,6247.6,7348.36,6525.14,7176.47,5630.07,7912.67,112802.85
352, Scammon ,1736.63,1187.59,2180.19,1674.77,1677.79,1855.4,1606.95,1493.82,1978.77,1868.92,1420.17,2142.57,20823.57
353, Scott City ,24450.82,29390.5,26681.85,24215.79,31306.83,29267.07,28256.9,30162.62,29403.11,25330.77,23315.29,34730.08,336511.63
354, Scranton ,3395.28,2223.01,3574.76,2203.27,3072.59,3529.84,2600.19,2856.69,4241.6,3007.47,3317.4,3963.85,37985.95
355, Sedan ,16663.97,16587.76,15942.04,15935.84,17688.99,18434.68,15454.7,16243.33,23123.9,16507.38,13471.02,21288.57,207342.18
356, Sedgwick ,12219.23,11861.23,11406.41,11570.36,14937.99,11329.65,11217.63,9766.03,11556.73,7207.47,7212.24,15740.09,136025.06
357, Seneca ,48945.37,58846.11,50384.05,52689.14,68990.64,65373.74,63340.27,56398.93,63160.74,58327.22,53835.89,65763.99,706056.09
358, Severy ,1489.28,886.36,1157.24,1239.8,1026.62,1158.72,1217.96,1539.28,2616.22,2120.1,291.45,5081.69,19824.72
359, Shawnee ,1409376.56,1476880.37,1399414.25,1284992.53,1564036.21,1581766.51,1588282.23,1549189.76,1639606.52,1444736.46,1413806.07,1784182.39,18136269.86
360, Smith Center ,22996.28,25756.32,23557.28,19453.58,22296.58,29005.65,23730.44,24919.47,24709.05,23470.8,19728.46,29080.78,288704.69
361, South Hutchinson ,26444.0,25926.97,29433.88,26658.39,32827.08,31742.87,31714.99,27227.95,32053.38,30137.02,24112.34,34899.83,353178.7
362, Spivey ,461.6,1038.85,1297.85,1431.13,1754.78,3562.71,1435.44,1694.01,2835.14,3578.09,1535.43,3661.15,24286.18
363, Spring Hill ,105617.31,101128.44,82961.39,88410.19,109800.58,111758.39,124930.54,121846.97,126676.48,117316.81,104096.68,159853.61,1354397.39
364, Stafford ,13939.91,15284.23,13735.31,16836.97,17929.1,13393.92,17851.52,20078.03,13872.55,20053.95,16327.48,29420.45,208723.42
365, Sterling ,23255.28,23609.3,24231.02,16635.24,19781.86,18475.86,21816.44,16851.22,24918.74,17875.72,24006.76,23107.74,254565.18
366, Stockton ,31804.8,34078.02,31116.54,28474.76,42199.26,35466.52,38862.43,32230.86,39924.25,31865.44,31686.82,41568.91,419278.61
367, Strong City ,4894.0,3121.5,3028.07,4040.68,2953.1,5277.79,6017.56,5665.62,4763.69,3921.38,4981.04,4766.91,53431.34
368, Sublette ,16952.68,14860.12,16102.56,14177.23,17488.9,17320.71,17068.66,16616.62,18472.39,17864.93,19740.38,22862.49,209527.67
369, Sylvia ,197.7,200.46,183.36,139.92,298.43,239.83,219.03,196.08,350.1,313.39,271.82,410.97,3021.09
370, Syracuse ,17138.44,17207.9,20493.73,17353.77,19935.54,20240.25,20949.67,19009.13,19382.49,18141.82,14708.13,22044.74,226605.61
371, Thayer ,4709.13,5202.17,5551.09,5482.74,4406.49,4757.38,4173.41,5317.68,6112.33,3768.47,3678.19,6054.31,59213.39
372, Tipton ,1553.29,1859.4,2497.96,1703.03,2010.4,1787.93,2013.37,2538.73,1718.21,1962.68,1261.55,2373.44,23279.99
373, Tonganoxie ,75588.99,83117.3,76749.22,69692.49,79634.53,81174.51,86622.92,80346.55,93365.25,81885.1,75704.84,99344.76,983226.46
374, Topeka ,3258996.42,3736854.67,3339549.32,3054621.0,4001311.72,3790075.47,3796540.65,3604419.3,3844645.21,3407756.15,3138549.25,4310207.55,43283526.71
375, Toronto ,756.52,524.55,794.22,781.29,700.96,865.29,969.93,725.58,1748.71,1439.31,1143.54,1200.83,11650.73
376, Towanda ,6325.51,5415.72,6353.17,7570.4,7301.28,7120.08,6544.82,5441.27,7163.35,6467.87,5638.5,7619.47,78961.44
377, Troy ,7192.14,4976.1,5528.95,7241.82,5431.06,4861.02,5337.1,6580.0,4978.22,4833.77,3541.35,6505.66,67007.19
378, Udall ,4321.99,5272.37,3396.76,5090.2,6413.19,5396.39,5801.91,5827.67,6587.66,7488.51,6401.19,5188.14,67185.98
379, Ulysses ,106385.71,103077.21,106698.03,88083.16,114498.88,118634.89,118488.08,98150.5,118343.69,101922.07,118116.22,108415.03,1300813.47
380, Uniontown ,5150.09,874.63,1439.57,1258.77,1551.62,1925.11,2181.75,1745.55,1909.01,2001.24,2019.19,1093.85,23150.38
381, Utica ,611.88,801.11,1201.52,971.85,836.59,1021.63,787.5,1018.51,898.16,740.42,809.51,1251.81,10950.49
382, Valley Center ,,,,,2345.53,37515.16,39947.71,37238.58,43649.69,38143.59,31983.75,56230.11,287054.12
383, Valley Falls ,23971.88,16840.24,19029.44,20568.65,23218.26,17399.57,16934.01,20665.44,24003.51,14931.71,19588.96,25199.95,242351.62
384, Victoria ,6406.39,6643.23,6644.59,4930.03,7535.66,6072.96,5633.01,6775.14,7492.24,8413.38,5441.73,8955.72,80944.08
385, Wakeeney ,20987.35,23995.67,23766.55,16583.91,27172.15,23411.31,25113.22,26545.17,30716.46,28601.01,21780.64,26308.96,294982.4
386, Wakefield ,4078.77,5057.81,4303.06,4097.67,4492.43,4969.05,4234.31,5229.19,6260.25,4341.1,5166.37,5362.0,57592.01
387, Wamego ,97425.4,97989.69,104019.08,77001.84,105332.24,108411.79,112335.63,105601.75,113338.56,84976.34,81854.11,127011.94,1215298.37
388, Washington ,15370.76,15447.36,14590.28,13593.17,14472.09,17206.69,14459.5,11877.28,13477.97,14092.95,11622.53,17774.43,173985.01
389, Waterville ,4341.37,8213.76,6457.2,5826.7,8442.45,6355.26,8299.56,11159.65,7076.18,7015.18,6835.0,9964.86,89987.17
390, Wathena ,10319.99,10658.47,10980.15,9629.87,10445.99,13762.37,12060.39,11166.62,12785.91,8407.56,9041.63,15369.0,134627.95
391, Waverly ,4235.68,3995.52,3991.12,3661.42,4740.4,4997.58,4582.45,4402.35,4442.21,4367.25,3642.76,4432.43,51491.17
392, Weir ,1934.83,1743.11,1668.25,2151.28,2350.87,1836.76,1639.44,1428.69,1413.36,1651.75,1218.67,2798.49,21835.5
393, Wellington ,194392.62,225049.82,197772.61,182448.77,214627.08,241451.19,213652.68,202994.0,220726.98,201003.34,176580.36,242978.09,2513677.54
394, Wellsville ,18005.49,18241.64,23173.85,21466.13,22629.61,25356.18,23109.71,24053.41,25047.04,19183.51,20609.74,25083.2,265959.51
395, Westmoreland ,4275.8,4826.82,4344.15,4723.8,4835.22,5618.78,4986.68,4571.97,4756.61,4428.33,3850.82,5924.26,57143.24
396, Westwood ,56504.55,55788.71,63914.54,53863.06,57179.73,58124.82,65732.82,66023.22,68427.61,62234.14,55642.2,77490.31,740925.71
397, Westwood Hills ,3128.87,2450.27,3680.84,2831.09,2246.54,1864.87,2698.06,2037.98,2371.82,2227.7,1471.2,2759.1,29768.34
398, White Cloud ,,,,,21.21,264.31,438.51,364.23,588.76,282.15,1271.86,588.57,3819.6
399, Whitewater ,1599.94,2131.75,1557.52,1645.96,2681.71,2818.37,2035.43,3364.25,1946.02,1673.44,2157.81,2353.5,25965.7
400, Willard ,99.23,112.42,129.42,94.51,128.7,175.24,103.65,103.0,228.48,63.14,108.44,150.06,1496.29
401, Williamsburg ,1223.23,1289.33,1214.73,1824.12,2681.28,2187.32,1787.52,1286.9,1605.12,1285.34,1313.01,1381.72,19079.62
402, Wilmore ,159.49,296.06,179.81,171.67,259.6,142.35,266.05,239.59,168.55,146.04,247.04,3201.49,5477.74
403, Wilson ,4430.49,4768.21,5070.54,4522.74,4553.1,4070.14,7051.5,6843.0,7562.16,5795.87,6251.23,6686.18,67605.16
404, Winchester ,970.96,1213.65,1173.94,1138.69,1186.4,1424.37,965.21,993.95,1419.47,1049.24,1542.26,992.05,14070.19
405, Winfield ,255172.68,307484.2,268703.95,253744.17,303837.77,288843.6,281369.52,267776.82,278505.98,284186.11,279597.92,315406.02,3384628.74
406, Yates Center ,25344.48,27721.63,28961.44,23712.8,26503.64,30489.01,29538.18,27505.62,29946.26,29456.02,13462.65,40720.09,333361.82
407, Horsethief Reservior ,185353.44,204835.46,196291.95,180231.1,227216.94,218507.0,220402.4,214664.73,224493.94,216543.69,185057.88,250229.12,2523827.65
409, Statewide ,82801842.26,90921695.31,84388501.33,77180959.97,95590630.56,95944377.41,95659479.83,92637382.75,98138284.83,93641578.14,83040261.89,113029582.12,1102974576.4
411, Washburn U. (in Shawnee Co) ,1578794.1,1805785.61,1626946.66,1478683.02,1920571.93,1825187.75,1838200.81,1760423.8,1883967.03,1663706.24,1546919.2,2126073.58,21055259.73
